KB, KB_Number, KB_Title, KB_Description
KB,KB100001,Lambda ingestion microservice failing due to memory exhaustion,The Lambda ingestion microservice failed because the runtime exceeded its memory allocation, causing repeated cold starts. Resolution steps: increase memory to 1024MB, enable provisioned concurrency, and add CloudWatch alarms for memory usage anomalies.
KB,KB100002,SQS backlog due to throttled Lambda consumer,The SQS queue backlog grew beyond threshold because the downstream Lambda consumer was throttled during burst traffic. Resolution: raise concurrency limits, enable reserved concurrency, configure DLQ monitoring, and add queue depth alarms.
KB,KB100003,ECS microservice restarting due to faulty container image,The ECS microservice restarted repeatedly because a faulty container image was deployed without a valid healthcheck endpoint. Resolution: roll back to the previous stable image, enforce image validation, and add automated healthcheck testing in CI/CD.
KB,KB100004,Kinesis shard hot-spotting causing delayed analytics events,Kinesis shard hot-spotting occurred due to uneven partition key distribution. Resolution: redistribute partition keys, enable enhanced fan-out, and add shard-level CloudWatch metrics to detect future imbalance.
KB,KB100005,API Gateway 5xx spike caused by expired IAM authorizer credentials,API Gateway experienced a 5xx spike because IAM credentials for the Lambda authorizer expired. Resolution: rotate IAM keys, add automated expiry alarms, and enforce credential lifecycle policies.
KB,KB100006,Glue ETL job failure due to corrupted S3 parquet file,The Glue ETL job failed because a corrupted parquet file was present in the S3 landing zone. Resolution: add file validation checks, quarantine invalid files, and implement schema enforcement in the ingestion pipeline.
KB,KB100007,Step Functions timeout caused by DynamoDB latency,Step Functions workflow timed out due to increased DynamoDB query latency. Resolution: add query pagination, increase workflow timeout, enable DynamoDB adaptive capacity, and add latency alarms.
KB,KB100008,DynamoDB throttling during peak inventory sync,DynamoDB throttling occurred because provisioned capacity was insufficient for burst traffic. Resolution: enable auto-scaling, configure adaptive capacity, and add CloudWatch alarms for read/write throttles.
KB,KB100009,IAM access denied errors during microservice deployment,Multiple IAM access denied errors occurred because an incorrect IAM policy was attached to the CodeBuild role. Resolution: update the IAM policy, add pre-deployment validation, and enforce least-privilege IAM standards.
KB,KB100010,S3 event trigger not invoking reporting microservice,The S3 event trigger failed because bucket notifications were misconfigured after migration. Resolution: recreate the event trigger, validate SNS/SQS subscriptions, and add automated notification configuration checks.
